splitword,,,,
rent,,,,
car,,,,
help,,,,
order,,,,
phone,,,,
online,,,,
buy,,,,
concert,,,,
tickets,,,,
assist,,,,
tutor,,,,
child,,,,
news,,,,
headlines,,,,
change,,,,
oil,,,,
fix,,,,
leaking,,,,
faucet,,,,
book,,,,
read,,,,
bored,,,,
fun,,,,
learn,,,,
language,,,,
fake,,,,
spaghetti,,,,
impasta,,,,
skeletons,,,,
fight,,,,
bicycle,,,,
stand,,,,
two-tired,,,,
ocean,,,,
wave,,,,
orange,,,,
parrot,,,,
cheese,,,,
nacho,,,,
snowstorm,,,,
hot,,,,
expected,,,,
umbrella,,,,
index,,,,
thunderstorms,,,,
windy,,,,
humidity,,,,
warnings,,,,
legal,,,,
advice,,,,
groceries,,,,
plan,,,,
vacation,,,,
dog,,,,
walker,,,,
historical,,,,
figures,,,,
population,,,,
explain,,,,
concept,,,,
black,,,,
holes,,,,
tips,,,,
improve,,,,
capital,,,,
Brazil,,,,
train,,,,
life,,,,
cycle,,,,
butterfly,,,,
globalization,,,,
forecast,,,,
fog,,,,
snow,,,,
expected,,,,
tonight,,,,
scarecrow,,,,
award,,,,
outstanding,,,,
field,,,,
math,,,,
book,,,,
sad,,,,
problems,,,,
brown,,,,
sticky,,,,
stick,,,,
